--
-- PostgreSQL database dump
--

-- Dumped from database version 12.9 (Ubuntu 12.9-0ubuntu0.20.04.1)
-- Dumped by pg_dump version 12.9 (Ubuntu 12.9-0ubuntu0.20.04.1)

SET statement_timeout = 0;
SET lock_timeout = 0;
SET idle_in_transaction_session_timeout = 0;
SET client_encoding = 'UTF8';
SET standard_conforming_strings = on;
SELECT pg_catalog.set_config('search_path', '', false);
SET check_function_bodies = false;
SET xmloption = content;
SET client_min_messages = warning;
SET row_security = off;

--
-- Name: access_control_session_id_seq; Type: SEQUENCE; Schema: public; Owner: postgres
--

CREATE SEQUENCE public.access_control_session_id_seq
    START WITH 1
    INCREMENT BY 1
    NO MINVALUE
    MAXVALUE 2147483647
    CACHE 1;


ALTER TABLE public.access_control_session_id_seq OWNER TO postgres;

SET default_tablespace = '';

SET default_table_access_method = heap;

--
-- Name: admins; Type: TABLE; Schema: public; Owner: postgres
--

CREATE TABLE public.admins (
    id integer NOT NULL,
    name character varying(50) NOT NULL,
    domain_id integer NOT NULL,
    password character varying(100),
    icon integer,
    status character(1) NOT NULL
);


ALTER TABLE public.admins OWNER TO postgres;

--
-- Name: admin_id_seq; Type: SEQUENCE; Schema: public; Owner: postgres
--

CREATE SEQUENCE public.admin_id_seq
    AS integer
    START WITH 1
    INCREMENT BY 1
    NO MINVALUE
    NO MAXVALUE
    CACHE 1;


ALTER TABLE public.admin_id_seq OWNER TO postgres;

--
-- Name: admin_id_seq; Type: SEQUENCE OWNED BY; Schema: public; Owner: postgres
--

ALTER SEQUENCE public.admin_id_seq OWNED BY public.admins.id;


--
-- Name: admin_session_id_seq; Type: SEQUENCE; Schema: public; Owner: postgres
--

CREATE SEQUENCE public.admin_session_id_seq
    START WITH 1
    INCREMENT BY 1
    NO MINVALUE
    MAXVALUE 2147483647
    CACHE 1;


ALTER TABLE public.admin_session_id_seq OWNER TO postgres;

--
-- Name: apps; Type: TABLE; Schema: public; Owner: postgres
--

CREATE TABLE public.apps (
    id integer NOT NULL,
    name character varying(50) NOT NULL,
    service_id integer NOT NULL,
    allowed_ips character varying(250),
    status character(1) NOT NULL
);


ALTER TABLE public.apps OWNER TO postgres;

--
-- Name: allowed_ips_id_seq; Type: SEQUENCE; Schema: public; Owner: postgres
--

CREATE SEQUENCE public.allowed_ips_id_seq
    AS integer
    START WITH 1
    INCREMENT BY 1
    NO MINVALUE
    NO MAXVALUE
    CACHE 1;


ALTER TABLE public.allowed_ips_id_seq OWNER TO postgres;

--
-- Name: allowed_ips_id_seq; Type: SEQUENCE OWNED BY; Schema: public; Owner: postgres
--

ALTER SEQUENCE public.allowed_ips_id_seq OWNED BY public.apps.id;


--
-- Name: app_sessions; Type: TABLE; Schema: public; Owner: postgres
--

CREATE TABLE public.app_sessions (
    id integer DEFAULT nextval('public.access_control_session_id_seq'::regclass) NOT NULL,
    app_id integer,
    session_id integer,
    start_time date,
    end_time date,
    status character varying(1),
    user_id integer
);


ALTER TABLE public.app_sessions OWNER TO postgres;

--
-- Name: domains; Type: TABLE; Schema: public; Owner: postgres
--

CREATE TABLE public.domains (
    id integer NOT NULL,
    name character varying(50) NOT NULL,
    status character(1) NOT NULL
);


ALTER TABLE public.domains OWNER TO postgres;

--
-- Name: domain_id_seq; Type: SEQUENCE; Schema: public; Owner: postgres
--

CREATE SEQUENCE public.domain_id_seq
    AS integer
    START WITH 1
    INCREMENT BY 1
    NO MINVALUE
    NO MAXVALUE
    CACHE 1;


ALTER TABLE public.domain_id_seq OWNER TO postgres;

--
-- Name: domain_id_seq; Type: SEQUENCE OWNED BY; Schema: public; Owner: postgres
--

ALTER SEQUENCE public.domain_id_seq OWNED BY public.domains.id;


--
-- Name: group_access_control; Type: TABLE; Schema: public; Owner: postgres
--

CREATE TABLE public.group_access_control (
    id integer NOT NULL,
    group_id integer NOT NULL,
    app_id integer NOT NULL,
    status character(1) NOT NULL
);


ALTER TABLE public.group_access_control OWNER TO postgres;

--
-- Name: group_access_control_id_seq; Type: SEQUENCE; Schema: public; Owner: postgres
--

CREATE SEQUENCE public.group_access_control_id_seq
    AS integer
    START WITH 1
    INCREMENT BY 1
    NO MINVALUE
    NO MAXVALUE
    CACHE 1;


ALTER TABLE public.group_access_control_id_seq OWNER TO postgres;

--
-- Name: group_access_control_id_seq; Type: SEQUENCE OWNED BY; Schema: public; Owner: postgres
--

ALTER SEQUENCE public.group_access_control_id_seq OWNED BY public.group_access_control.id;


--
-- Name: group_members; Type: TABLE; Schema: public; Owner: postgres
--

CREATE TABLE public.group_members (
    id integer NOT NULL,
    group_id integer NOT NULL,
    user_id integer NOT NULL
);


ALTER TABLE public.group_members OWNER TO postgres;

--
-- Name: group_members_id_seq; Type: SEQUENCE; Schema: public; Owner: postgres
--

CREATE SEQUENCE public.group_members_id_seq
    AS integer
    START WITH 1
    INCREMENT BY 1
    NO MINVALUE
    NO MAXVALUE
    CACHE 1;


ALTER TABLE public.group_members_id_seq OWNER TO postgres;

--
-- Name: group_members_id_seq; Type: SEQUENCE OWNED BY; Schema: public; Owner: postgres
--

ALTER SEQUENCE public.group_members_id_seq OWNED BY public.group_members.id;


--
-- Name: service_session_id_seq; Type: SEQUENCE; Schema: public; Owner: postgres
--

CREATE SEQUENCE public.service_session_id_seq
    START WITH 1
    INCREMENT BY 1
    NO MINVALUE
    MAXVALUE 2147483647
    CACHE 1;


ALTER TABLE public.service_session_id_seq OWNER TO postgres;

--
-- Name: services; Type: TABLE; Schema: public; Owner: postgres
--

CREATE TABLE public.services (
    id integer NOT NULL,
    name character varying(50) NOT NULL,
    domain_id integer NOT NULL,
    password character varying(100),
    icon integer,
    status character(1) NOT NULL,
    wg_key character varying(200),
    virtual_ip inet,
    public_ip inet,
    local_ip inet
);


ALTER TABLE public.services OWNER TO postgres;

--
-- Name: services_id_seq; Type: SEQUENCE; Schema: public; Owner: postgres
--

CREATE SEQUENCE public.services_id_seq
    AS integer
    START WITH 1
    INCREMENT BY 1
    NO MINVALUE
    NO MAXVALUE
    CACHE 1;


ALTER TABLE public.services_id_seq OWNER TO postgres;

--
-- Name: services_id_seq; Type: SEQUENCE OWNED BY; Schema: public; Owner: postgres
--

ALTER SEQUENCE public.services_id_seq OWNED BY public.services.id;


--
-- Name: sessions_id_seq; Type: SEQUENCE; Schema: public; Owner: postgres
--

CREATE SEQUENCE public.sessions_id_seq
    START WITH 82
    INCREMENT BY 1
    NO MINVALUE
    MAXVALUE 2147483647
    CACHE 1;


ALTER TABLE public.sessions_id_seq OWNER TO postgres;

--
-- Name: sessions; Type: TABLE; Schema: public; Owner: postgres
--

CREATE TABLE public.sessions (
    id integer DEFAULT nextval('public.sessions_id_seq'::regclass) NOT NULL,
    uid integer NOT NULL,
    session_id character varying(50) NOT NULL,
    start_time timestamp without time zone NOT NULL,
    end_time timestamp without time zone,
    role character(1) NOT NULL,
    status character(1) NOT NULL,
    domain_id integer
);


ALTER TABLE public.sessions OWNER TO postgres;

--
-- Name: user_access_control; Type: TABLE; Schema: public; Owner: postgres
--

CREATE TABLE public.user_access_control (
    id integer NOT NULL,
    user_id integer NOT NULL,
    app_id integer NOT NULL,
    status character(1) NOT NULL
);


ALTER TABLE public.user_access_control OWNER TO postgres;

--
-- Name: user_access_control_id_seq; Type: SEQUENCE; Schema: public; Owner: postgres
--

CREATE SEQUENCE public.user_access_control_id_seq
    AS integer
    START WITH 1
    INCREMENT BY 1
    NO MINVALUE
    NO MAXVALUE
    CACHE 1;


ALTER TABLE public.user_access_control_id_seq OWNER TO postgres;

--
-- Name: user_access_control_id_seq; Type: SEQUENCE OWNED BY; Schema: public; Owner: postgres
--

ALTER SEQUENCE public.user_access_control_id_seq OWNED BY public.user_access_control.id;


--
-- Name: user_groups; Type: TABLE; Schema: public; Owner: postgres
--

CREATE TABLE public.user_groups (
    id integer NOT NULL,
    name character varying(50) NOT NULL,
    domain_id integer NOT NULL,
    status character(1) NOT NULL
);


ALTER TABLE public.user_groups OWNER TO postgres;

--
-- Name: user_groups_id_seq; Type: SEQUENCE; Schema: public; Owner: postgres
--

CREATE SEQUENCE public.user_groups_id_seq
    AS integer
    START WITH 1
    INCREMENT BY 1
    NO MINVALUE
    NO MAXVALUE
    CACHE 1;


ALTER TABLE public.user_groups_id_seq OWNER TO postgres;

--
-- Name: user_groups_id_seq; Type: SEQUENCE OWNED BY; Schema: public; Owner: postgres
--

ALTER SEQUENCE public.user_groups_id_seq OWNED BY public.user_groups.id;


--
-- Name: user_session_id_seq; Type: SEQUENCE; Schema: public; Owner: postgres
--

CREATE SEQUENCE public.user_session_id_seq
    START WITH 1
    INCREMENT BY 1
    NO MINVALUE
    MAXVALUE 2147483647
    CACHE 1;


ALTER TABLE public.user_session_id_seq OWNER TO postgres;

--
-- Name: users; Type: TABLE; Schema: public; Owner: postgres
--

CREATE TABLE public.users (
    id integer NOT NULL,
    name character varying(50) NOT NULL,
    domain_id integer NOT NULL,
    password character varying(100),
    public_key character varying(200),
    icon integer,
    status character(1) NOT NULL,
    wg_key character varying(200),
    virtual_ip inet,
    public_ip inet,
    local_ip inet
);


ALTER TABLE public.users OWNER TO postgres;

--
-- Name: users_id_seq; Type: SEQUENCE; Schema: public; Owner: postgres
--

CREATE SEQUENCE public.users_id_seq
    AS integer
    START WITH 1
    INCREMENT BY 1
    NO MINVALUE
    NO MAXVALUE
    CACHE 1;


ALTER TABLE public.users_id_seq OWNER TO postgres;

--
-- Name: users_id_seq; Type: SEQUENCE OWNED BY; Schema: public; Owner: postgres
--

ALTER SEQUENCE public.users_id_seq OWNED BY public.users.id;


--
-- Name: admins id; Type: DEFAULT; Schema: public; Owner: postgres
--

ALTER TABLE ONLY public.admins ALTER COLUMN id SET DEFAULT nextval('public.admin_id_seq'::regclass);


--
-- Name: apps id; Type: DEFAULT; Schema: public; Owner: postgres
--

ALTER TABLE ONLY public.apps ALTER COLUMN id SET DEFAULT nextval('public.allowed_ips_id_seq'::regclass);


--
-- Name: domains id; Type: DEFAULT; Schema: public; Owner: postgres
--

ALTER TABLE ONLY public.domains ALTER COLUMN id SET DEFAULT nextval('public.domain_id_seq'::regclass);


--
-- Name: group_access_control id; Type: DEFAULT; Schema: public; Owner: postgres
--

ALTER TABLE ONLY public.group_access_control ALTER COLUMN id SET DEFAULT nextval('public.group_access_control_id_seq'::regclass);


--
-- Name: group_members id; Type: DEFAULT; Schema: public; Owner: postgres
--

ALTER TABLE ONLY public.group_members ALTER COLUMN id SET DEFAULT nextval('public.group_members_id_seq'::regclass);


--
-- Name: services id; Type: DEFAULT; Schema: public; Owner: postgres
--

ALTER TABLE ONLY public.services ALTER COLUMN id SET DEFAULT nextval('public.services_id_seq'::regclass);


--
-- Name: user_access_control id; Type: DEFAULT; Schema: public; Owner: postgres
--

ALTER TABLE ONLY public.user_access_control ALTER COLUMN id SET DEFAULT nextval('public.user_access_control_id_seq'::regclass);


--
-- Name: user_groups id; Type: DEFAULT; Schema: public; Owner: postgres
--

ALTER TABLE ONLY public.user_groups ALTER COLUMN id SET DEFAULT nextval('public.user_groups_id_seq'::regclass);


--
-- Name: users id; Type: DEFAULT; Schema: public; Owner: postgres
--

ALTER TABLE ONLY public.users ALTER COLUMN id SET DEFAULT nextval('public.users_id_seq'::regclass);


--
-- Data for Name: admins; Type: TABLE DATA; Schema: public; Owner: postgres
--

COPY public.admins (id, name, domain_id, password, icon, status) FROM stdin;
17	A44872f76-00000002	1	P44872f76-00000002	\N	D
18	A4d6d1bee-00000002	1	P4d6d1bee-00000002	\N	D
19	A5946ef07-00000002	1	P5946ef07-00000002	\N	D
20	A0222d1c5-00000002	1	P0222d1c5-00000002	\N	D
21	A7e9cadce-00000002	1	P7e9cadce-00000002	\N	D
22	A7ea59102-00000002	1	P7ea59102-00000002	\N	D
23	A3550ee47-00000002	1	P3550ee47-00000002	\N	D
25	xadmin	2	xpresstrust	\N	A
26	A3f985c91-00000002	1	P3f985c91-00000002	\N	D
27	A34a3cb8f-00000002	1	P34a3cb8f-00000002	\N	D
28	A5e86ddfe-00000002	1	P5e86ddfe-00000002	\N	D
29	A52f47049-00000002	1	P52f47049-00000002	\N	D
30	A7b8d95f2-00000002	1	P7b8d95f2-00000002	\N	D
34	admin@test	1	123456	\N	A
36	A2207b5b2-00000002	2	P2207b5b2-00000002	\N	D
33	testadmin6	1	123456	\N	A
16	admin1	1	123456	\N	A
31	admin5	1	123456	\N	D
32	testadmin4	1	123456	\N	D
37	testadmin7	1	password	\N	D
38	admin	1	password	\N	A
39	admin1	27	password	\N	A
40	testAdmin	2	123456	\N	D
41	testadmin3	2	123456	\N	D
\.


--
-- Data for Name: app_sessions; Type: TABLE DATA; Schema: public; Owner: postgres
--

COPY public.app_sessions (id, app_id, session_id, start_time, end_time, status, user_id) FROM stdin;
\.


--
-- Data for Name: apps; Type: TABLE DATA; Schema: public; Owner: postgres
--

COPY public.apps (id, name, service_id, allowed_ips, status) FROM stdin;
7	testapplication1	51	12.24.23	D
11	testapp	51	12.28.12	A
6	WangApp2-modified	59	192.168.8.141	A
12	App2	53	2.2.2.2/16	A
13	webserver	57	2.3.4.5,10.11.12.13	A
14	demo-app	53	10.0.0.0/24	D
\.


--
-- Data for Name: domains; Type: TABLE DATA; Schema: public; Owner: postgres
--

COPY public.domains (id, name, status) FROM stdin;
13	super	a
1	powerdomain	A
15	D44872f76-00000002	D
16	D4d6d1bee-00000002	D
17	D5946ef07-00000002	D
18	D5946e7483-00000001	A
19	D5946e3837-00000001	A
20	D5946e697-00000003	A
21	D5946e347-000000012	A
22	D5946e573-000000013	A
23	google.com	A
24	D0222d1c5-00000002	D
25	D7e9cadce-00000001	A
26	D7ea59102-00000001	A
2	xpress	A
28	D3f985c91-00000002	D
29	D34a3cb8f-00000002	D
30	D5e86ddfe-00000002	D
31	D52f47049-00000002	D
32	D7b8d95f2-00000002	D
33	dummydomain	A
27	D3550ee47-00000001	D
35	test-24-01-2022www	D
34		D
36	test-24-01-2022ff	D
37	testdomain25	D
38	testdomain	D
\.


--
-- Data for Name: group_access_control; Type: TABLE DATA; Schema: public; Owner: postgres
--

COPY public.group_access_control (id, group_id, app_id, status) FROM stdin;
2	1	1	A
4	58	11	A
5	51	11	A
6	52	11	A
7	52	6	A
8	55	6	A
9	55	11	D
12	58	3	A
13	51	12	D
\.


--
-- Data for Name: group_members; Type: TABLE DATA; Schema: public; Owner: postgres
--

COPY public.group_members (id, group_id, user_id) FROM stdin;
89	58	90
90	58	92
93	58	93
96	58	94
99	51	79
100	51	80
103	51	81
104	57	92
105	55	89
106	55	97
107	55	98
108	55	99
109	55	100
110	55	79
111	55	80
\.


--
-- Data for Name: services; Type: TABLE DATA; Schema: public; Owner: postgres
--

COPY public.services (id, name, domain_id, password, icon, status, wg_key, virtual_ip, public_ip, local_ip) FROM stdin;
35	S44872f76-00000001	1	P44872f76-00000004	\N	A		\N	\N	\N
36	S4d6d1bee-00000001	1	P4d6d1bee-00000004	\N	A		\N	\N	\N
37	S5946ef07-00000002	1	P5946ef07-00000004	\N	A	wWwWwWw	251.11.11.11	101.11.11.11	201.11.11.11
38	S0222d1c5-00000002	1	P0222d1c5-00000004	\N	A	wWwWwWw	251.11.11.11	101.11.11.11	201.11.11.11
39	S7e9cadce-00000002	1	P7e9cadce-00000004	\N	A	wWwWwWw	251.11.11.11	101.11.11.11	201.11.11.11
40	S7ea59102-00000002	1	P7ea59102-00000004	\N	A	wWwWwWw	251.11.11.11	101.11.11.11	201.11.11.11
41	test-service	1	password	\N	A		\N	\N	\N
42	S3550ee47-00000002	1	P3550ee47-00000004	\N	A	wWwWwWw	251.11.11.11	101.11.11.11	201.11.11.11
43	S3f985c91-00000002	1	P3f985c91-00000004	\N	A	wWwWwWw	251.11.11.11	101.11.11.11	201.11.11.11
44	S34a3cb8f-00000002	1	P34a3cb8f-00000004	\N	A	wWwWwWw	251.11.11.11	101.11.11.11	201.11.11.11
45	S5e86ddfe-00000002	1	P5e86ddfe-00000004	\N	A	wWwWwWw	251.11.11.11	101.11.11.11	201.11.11.11
46	S52f47049-00000002	1	P52f47049-00000004	\N	A	wWwWwWw	251.11.11.11	101.11.11.11	201.11.11.11
47	S7b8d95f2-00000002	1	P7b8d95f2-00000004	\N	A	wWwWwWw	251.11.11.11	101.11.11.11	201.11.11.11
48	S2207b5b2-00000002	2	P2207b5b2-00000004	\N	A	wWwWwWw	251.11.11.11	101.11.11.11	201.11.11.11
51	Service2	2	password	\N	A		\N	\N	\N
50	service5	2	password	\N	D		\N	\N	\N
52	service7	2	123456	\N	D		\N	\N	\N
54	testservice5	2		\N	D		\N	\N	\N
49	testservice3	2	123456	\N	D		\N	\N	\N
57	test3	2		\N	A		\N	\N	\N
58	testservice14	2	123456	\N	A		\N	\N	\N
59	service1	27	password	\N	A		\N	\N	\N
60	testservice8	2	123456	\N	A		\N	\N	\N
62	testservice11	2	xpresstrust	\N	D		\N	\N	\N
53	testservice4	2	123456	\N	D	xx-publickey-service-xx	100.64.0.1	98.35.20.226	192.168.47.128/24
\.


--
-- Data for Name: sessions; Type: TABLE DATA; Schema: public; Owner: postgres
--

COPY public.sessions (id, uid, session_id, start_time, end_time, role, status, domain_id) FROM stdin;
310	38	A2713947374428330566	2022-01-18 11:42:30.711009	\N	P	A	27
311	25	A6976981795263155828	2022-01-18 11:43:33.948983	\N	A	A	2
312	38	A4012306762496438292	2022-01-18 13:20:32.87783	\N	P	A	27
313	38	A4967991122403242958	2022-01-18 13:31:10.644294	\N	P	A	27
314	25	A9174722117278299233	2022-01-18 13:58:47.183321	\N	A	A	2
315	38	A5536400657629592185	2022-01-18 14:01:36.291585	\N	P	A	27
316	38	A9214513024113516686	2022-01-18 14:11:46.056023	\N	P	A	27
317	38	A5786336747629881245	2022-01-18 14:22:52.695671	\N	P	A	27
318	38	A7323504101720659012	2022-01-18 14:35:23.035885	\N	P	A	27
319	38	A2475869967650540909	2022-01-18 14:37:19.81928	\N	P	A	27
320	25	A6085871604109071684	2022-01-18 14:39:31.969395	\N	A	A	2
321	25	A4193287152512443892	2022-01-18 15:04:35.449244	\N	A	A	2
322	25	A7826540899337838081	2022-01-18 15:05:47.639331	\N	A	A	2
323	38	A166298013300763431	2022-01-19 02:11:24.855657	\N	P	A	27
324	38	A4829624337213135	2022-01-19 03:07:09.082888	\N	P	A	27
325	25	A4463370281014304907	2022-01-19 03:07:25.51175	\N	A	A	2
326	38	A7466968700317495172	2022-01-19 05:22:37.99174	\N	P	A	27
327	38	A161812140969939146	2022-01-19 05:24:43.155693	\N	P	A	27
328	25	A4169830776079893532	2022-01-19 05:30:59.979714	\N	A	A	2
329	38	A1580076106939680767	2022-01-19 06:22:37.429104	\N	P	A	27
330	25	A3024573677613001421	2022-01-19 06:48:32.721721	\N	A	A	2
331	38	A5053132689412231404	2022-01-19 06:49:08.205075	\N	P	A	27
332	25	A5273187328401797303	2022-01-19 06:53:23.922063	\N	A	A	2
333	38	A7145282079233212234	2022-01-19 06:53:39.461711	\N	P	A	27
334	38	A4870240141427779669	2022-01-19 07:00:53.368343	\N	P	A	27
335	38	A190667000324033262	2022-01-19 07:11:43.108955	\N	P	A	27
336	38	A6187404741185656104	2022-01-19 07:26:36.427753	\N	P	A	27
337	25	A2833560604689890024	2022-01-19 09:09:04.520489	\N	A	A	2
338	38	A7138098247785498705	2022-01-19 09:23:01.938595	\N	P	A	27
339	25	A3699063443918246296	2022-01-19 09:24:18.598624	\N	A	A	2
340	38	A4488971073610298894	2022-01-19 11:08:09.114924	\N	P	A	27
341	25	A7081056475046983067	2022-01-19 11:08:34.470255	\N	A	A	2
342	25	A7830025881882686220	2022-01-19 11:57:42.117371	\N	A	A	2
343	38	A632619629331703847	2022-01-19 11:58:42.777761	\N	P	A	27
344	38	A6485315989033021775	2022-01-19 12:00:53.446188	\N	P	A	27
345	38	A5476459064279406172	2022-01-19 12:50:50.000677	\N	P	A	27
346	25	A7437597162363044834	2022-01-19 15:13:00.358952	\N	A	A	2
347	38	A2695023090464829313	2022-01-20 07:16:19.738561	\N	P	A	21
348	38	A5254893068497357972	2022-01-20 09:20:44.953915	\N	P	A	21
349	25	A4732940002537392138	2022-01-20 09:49:41.182679	\N	A	A	2
350	38	A6623875867397953340	2022-01-20 09:50:41.638971	\N	P	A	21
351	25	A3975723924892569239	2022-01-20 09:55:44.912547	\N	A	A	2
352	38	A3750388548585093370	2022-01-20 10:00:13.746437	\N	P	A	21
353	25	A1071987548225845338	2022-01-20 10:04:44.573432	\N	A	A	2
354	38	A1629284293894323528	2022-01-20 10:09:35.918185	\N	P	A	21
355	25	A7708124819758953299	2022-01-20 10:19:40.646201	\N	A	A	2
356	25	A8287677062511240755	2022-01-20 10:23:40.677114	\N	A	A	2
357	25	A7642101001681836354	2022-01-20 12:15:24.678753	\N	A	A	2
358	25	A5158465950699637091	2022-01-20 13:16:36.229449	\N	A	A	2
359	25	A2872672026462204351	2022-01-20 13:18:34.696886	\N	A	A	2
360	38	A2750108351478106900	2022-01-20 13:43:14.862415	\N	P	A	21
361	25	A4026026981937634748	2022-01-20 13:44:20.428341	\N	A	A	2
362	25	A6372342518297452724	2022-01-20 14:10:13.737158	\N	A	A	2
363	25	A4629683425504221166	2022-01-20 14:14:46.832118	\N	A	A	2
364	38	A5826574501078460934	2022-01-20 14:48:49.26056	\N	P	A	21
365	38	A1998191731696027111	2022-01-20 14:49:35.98618	\N	P	A	21
366	38	A6553014426975089982	2022-01-20 14:50:06.350099	\N	P	A	21
367	38	A1525694088443000779	2022-01-20 14:51:48.980223	\N	P	A	21
368	38	A732182595227711884	2022-01-20 15:26:01.386272	\N	P	A	21
369	25	A2110410612481713128	2022-01-21 05:21:16.352709	\N	A	A	2
370	38	A1012706009932019078	2022-01-21 07:50:25.987314	\N	P	A	21
371	38	A7740363776074940570	2022-01-21 08:59:07.109841	\N	P	A	21
372	25	A1402177487637676654	2022-01-21 09:24:41.946301	\N	A	A	2
373	25	A8102820766612933540	2022-01-21 09:42:13.658638	\N	A	A	2
374	25	A6531774204259476616	2022-01-21 10:16:49.883806	\N	A	A	2
375	38	A6946451624789719170	2022-01-21 10:19:50.599154	\N	P	A	21
376	38	A6108676386994115324	2022-01-21 10:22:22.659446	\N	P	A	21
377	25	A2669689321755374915	2022-01-21 10:26:08.404009	\N	A	A	2
378	25	A7877956956834715851	2022-01-21 12:15:09.037772	\N	A	A	2
379	25	A5163783409164262946	2022-01-21 14:37:56.252179	\N	A	A	2
380	38	A1315542933082193520	2022-01-21 17:18:08.407222	\N	P	A	21
381	38	A7239152169273805790	2022-01-21 18:18:43.602607	\N	P	A	21
382	38	A8496656437414893462	2022-01-21 20:07:12.021562	\N	P	A	21
383	38	A3786774611252374459	2022-01-21 20:07:20.727811	\N	P	A	21
384	38	A4934202430720922581	2022-01-22 00:21:55.68989	\N	P	A	21
385	25	A4357802174410130176	2022-01-22 00:22:55.64698	\N	A	A	2
386	25	A7422671112214995674	2022-01-22 13:32:19.14513	\N	A	A	2
387	38	A5891655055174937734	2022-01-22 13:34:48.39698	\N	P	A	21
388	38	A7505602078230946593	2022-01-23 01:52:52.666128	\N	P	A	21
389	38	A6239679912822672557	2022-01-23 03:48:42.131175	\N	P	A	21
390	38	A7501541445803516172	2022-01-23 03:49:23.785672	\N	P	A	21
391	38	A5321080755810277401	2022-01-23 03:55:41.216571	\N	P	A	21
392	38	A7535148110518622301	2022-01-23 03:59:55.070866	\N	P	A	21
393	25	A8164116273982780082	2022-01-23 12:59:24.761561	\N	A	A	2
394	25	A5671536527631284742	2022-01-23 13:42:26.436905	\N	A	A	2
395	38	A4971963296723051355	2022-01-23 15:25:35.92584	\N	P	A	21
396	38	A2475731894019308807	2022-01-23 15:44:11.209326	\N	P	A	21
397	38	A1204638154978579453	2022-01-23 15:56:04.131437	\N	P	A	21
398	38	A6291852725036424235	2022-01-23 19:14:07.257567	\N	P	A	21
399	53	U5577006791947779410	2022-01-23 14:12:45.571052	\N	S	A	2
400	53	U5577006791947779410	2022-01-23 17:11:59.950038	\N	S	A	2
401	53	U5577006791947779410	2022-01-23 17:14:33.796607	\N	S	A	2
402	53	U5577006791947779410	2022-01-23 17:16:48.395209	\N	S	A	2
403	53	U5577006791947779410	2022-01-23 18:38:32.268759	\N	S	A	2
404	53	U5577006791947779410	2022-01-23 18:55:33.302483	\N	S	A	2
405	53	U5577006791947779410	2022-01-23 19:00:39.800699	\N	S	A	2
406	53	U5577006791947779410	2022-01-23 19:04:09.318239	\N	S	A	2
407	38	A5343634856114590203	2022-01-24 04:01:07.744166	\N	P	A	21
408	38	A8063897768798446532	2022-01-24 05:25:01.189715	\N	P	A	21
409	53	U5577006791947779410	2022-01-23 21:38:16.723356	\N	S	A	2
410	53	U5577006791947779410	2022-01-23 21:46:42.776958	\N	S	A	2
411	89	U8674665223082153551	2022-01-23 21:46:46.484565	\N	U	A	2
412	53	U5577006791947779410	2022-01-23 22:46:37.265098	\N	S	A	2
413	89	U8674665223082153551	2022-01-23 22:46:40.921822	\N	U	A	2
414	38	A7468519061866226011	2022-01-24 06:48:22.738239	\N	P	A	21
416	25	A8845115855202669768	2022-01-24 07:00:45.582332	\N	A	A	2
418	53	S5577006791947779410	2022-01-23 23:17:05.843958	\N	S	A	2
419	89	U8674665223082153551	2022-01-23 23:17:09.520017	\N	U	A	2
420	89	U5577006791947779410	2022-01-23 23:18:23.243367	\N	U	A	2
421	25	A7018763063766809948	2022-01-24 07:46:57.48349	\N	A	A	2
423	25	A4468522250121289506	2022-01-24 10:27:29.633123	\N	A	A	2
500	89	U6823910841247745670	2022-01-26 21:26:51.710877	\N	U	A	2
422	38	A1122427140645355788	2022-01-24 08:27:33.975979	\N	P	A	1
424	38	A4437087733417998903	2022-01-24 13:27:27.730292	\N	P	A	1
417	38	A6623142653530206110	2022-01-24 07:08:23.67403	\N	P	A	1
425	38	A2884576277181906191	2022-01-24 13:28:19.280974	\N	P	A	21
501	89	U1531497557601729091	2022-01-26 21:41:51.86767	\N	U	A	2
426	38	A7701515829117755803	2022-01-24 13:28:25.02827	\N	P	A	\N
502	53	S8097055962186874923	2022-01-26 21:42:08.117562	\N	S	A	2
427	38	A6276836432037987202	2022-01-24 13:30:32.910841	\N	P	A	\N
503	89	U9004868486716628795	2022-01-26 21:42:21.90255	\N	U	A	2
428	38	A6608649715040267903	2022-01-24 13:34:18.547991	\N	P	A	\N
429	38	A1354811167619231226	2022-01-24 13:51:35.609661	\N	P	A	21
430	38	A4913774902063416242	2022-01-24 13:55:51.940285	\N	P	A	36
431	38	A2585403351298406641	2022-01-24 13:56:16.620046	\N	P	A	21
432	25	A5673787367980962001	2022-01-24 14:01:36.371492	\N	A	A	2
433	38	A7891468279376887010	2022-01-24 14:07:04.389221	\N	P	A	21
435	38	A2327980030499051533	2022-01-24 14:15:06.220068	\N	P	A	21
436	38	A2194677273035858664	2022-01-24 14:16:06.767664	\N	P	A	23
437	38	A1735266285656990468	2022-01-24 14:17:15.427003	\N	P	A	21
438	38	A7334266203679711454	2022-01-24 14:18:11.394239	\N	P	A	21
439	25	A8429410451749411545	2022-01-24 14:25:18.013946	\N	A	A	2
440	25	A5194104276389649060	2022-01-24 14:29:59.751425	\N	A	A	2
441	38	A315957419797618986	2022-01-24 14:44:07.963179	\N	P	A	21
442	25	A2100301742504789063	2022-01-24 14:45:47.997809	\N	A	A	2
443	38	A7903523798268441670	2022-01-24 14:46:00.046065	\N	P	A	21
444	38	A5190266299000861001	2022-01-24 14:54:25.393012	\N	P	A	21
445	38	A8974516807046834803	2022-01-24 15:48:40.729343	\N	P	A	21
446	38	A8757193531298512688	2022-01-24 15:54:02.779922	\N	P	A	21
447	38	A3843085367454432844	2022-01-24 16:18:43.457578	\N	P	A	21
415	38	A6706165494685409091	2022-01-24 06:56:31.465818	\N	P	A	23
504	53	S8377227279178204841	2022-01-26 21:43:55.303185	\N	S	A	2
449	25	A5939215872908114989	2022-01-24 18:46:52.542839	\N	A	A	2
450	89	U5577006791947779410	2022-01-24 11:54:46.574505	\N	U	A	2
451	38	A8388948812752082669	2022-01-25 06:05:33.403563	\N	P	A	21
452	25	A6309707383508565896	2022-01-25 06:06:40.065862	\N	A	A	2
453	25	A5736983625555715101	2022-01-25 06:24:36.34084	\N	A	A	2
454	25	A7542186180113760812	2022-01-25 06:25:17.12039	\N	A	A	2
455	25	A6505029926238220871	2022-01-25 06:27:27.038593	\N	A	A	2
456	38	A6299843453693489035	2022-01-25 06:27:36.663603	\N	P	A	21
457	38	A2986072140117912794	2022-01-25 06:27:44.315952	\N	P	A	21
459	25	A3271020018731413088	2022-01-25 09:10:14.551284	\N	A	A	2
505	89	U8311762437606124346	2022-01-26 21:49:47.543904	\N	U	A	2
460	38	A7321539791447185419	2022-01-25 09:30:36.1928	\N	P	A	18
461	38	A913791833280514235	2022-01-25 09:33:34.632041	\N	P	A	21
462	25	A7785198164859797394	2022-01-25 09:52:17.319689	\N	A	A	2
463	25	A7693593367211150033	2022-01-25 10:01:19.744772	\N	A	A	2
506	53	S1467262092672581815	2022-01-26 21:50:01.024982	\N	S	A	2
464	38	A5358911488493281406	2022-01-25 11:16:04.716835	\N	P	A	22
465	38	A4100667191231681595	2022-01-25 11:31:24.715047	\N	P	A	21
466	38	A4323180939838886665	2022-01-25 11:31:40.872498	\N	P	A	21
467	38	A3689768220822157699	2022-01-25 11:32:09.441045	\N	P	A	21
468	38	A544733616197123806	2022-01-25 11:33:10.171	\N	P	A	21
469	38	A4309689406796153445	2022-01-25 11:37:03.225508	\N	P	A	21
470	25	A4081648878953250678	2022-01-25 11:38:38.708889	\N	A	A	2
471	25	A5261676744635472887	2022-01-25 14:51:18.371381	\N	A	A	2
472	89	U5577006791947779410	2022-01-25 18:29:12.274054	\N	U	A	2
473	89	U6962445640969191188	2022-01-25 23:38:17.65192	\N	U	A	2
474	89	U5806047921440229131	2022-01-26 08:10:58.76647	\N	U	A	2
475	89	U5847902560478943766	2022-01-26 08:11:37.78435	\N	U	A	2
476	89	U724485216227207935	2022-01-26 08:13:00.33201	\N	U	A	2
477	89	U2768063784086679026	2022-01-26 08:21:50.437476	\N	U	A	2
478	89	U6561744165066687154	2022-01-26 11:05:05.012115	\N	U	A	2
479	89	U2747495297260901786	2022-01-26 11:24:46.386283	\N	U	A	2
480	89	U8149612934749234058	2022-01-26 12:38:09.744642	\N	U	A	2
481	89	U1788971801699192932	2022-01-26 12:46:51.249674	\N	U	A	2
482	53	S8674426811265846784	2022-01-26 13:55:49.39933	\N	S	A	2
483	89	U5533198454424764350	2022-01-26 13:56:12.069874	\N	U	A	2
484	89	U8669591183726416518	2022-01-26 14:33:47.207749	\N	U	A	2
485	53	S7117408001336530073	2022-01-26 14:34:16.620212	\N	S	A	2
486	89	U638468155356813517	2022-01-26 14:34:46.398897	\N	U	A	2
507	53	S4509967287392619855	2022-01-26 22:10:50.616437	\N	S	A	2
448	38	A1985341127504897424	2022-01-24 17:47:05.481827	\N	P	A	2
487	53	S8607368309839891087	2022-01-26 15:58:18.328136	\N	S	A	2
488	89	U3326285702022440152	2022-01-26 15:58:39.291362	\N	U	A	2
489	53	S7659056187937634532	2022-01-26 16:03:19.442715	\N	S	A	2
490	89	U2198369417424113193	2022-01-26 16:03:33.156879	\N	U	A	2
491	53	S7345616778219777614	2022-01-26 16:13:06.578326	\N	S	A	2
492	89	U657296412760263804	2022-01-26 16:13:25.99503	\N	U	A	2
493	53	S1908993387914144574	2022-01-26 16:19:15.037115	\N	S	A	2
494	89	U7412712449592888265	2022-01-26 16:19:34.373272	\N	U	A	2
495	53	S8164052052154289839	2022-01-26 16:58:25.372929	\N	S	A	2
496	89	U3528900753045044267	2022-01-26 16:58:43.898454	\N	U	A	2
497	89	U6328313600446895024	2022-01-26 19:10:36.669	\N	U	A	2
498	89	U4421934337384262378	2022-01-26 19:24:38.388913	\N	U	A	2
499	89	U5180820245318272953	2022-01-26 21:24:15.902831	\N	U	A	2
508	89	U1947161981581092172	2022-01-26 22:11:12.023272	\N	U	A	2
509	53	S1545043465325251332	2022-01-26 22:16:19.220154	\N	S	A	2
510	89	U4241831858063265106	2022-01-26 22:16:27.679148	\N	U	A	2
511	53	S7359481257864094465	2022-01-26 22:18:12.984367	\N	S	A	2
512	89	U6463227700453491443	2022-01-26 22:18:19.388031	\N	U	A	2
513	53	S8537470261118388018	2022-01-26 22:22:39.861227	\N	S	A	2
514	89	U2913835069508867503	2022-01-26 22:22:47.395092	\N	U	A	2
515	53	S341235440519387272	2022-01-26 22:48:56.628482	\N	S	A	2
516	89	U3440998883156392919	2022-01-26 22:49:07.108081	\N	U	A	2
517	53	S271099136674034865	2022-01-26 22:50:03.402251	\N	S	A	2
518	89	U8581131028288187966	2022-01-26 22:50:09.69414	\N	U	A	2
519	25	A2122309077841835485	2022-01-27 07:05:49.937755	\N	A	A	2
520	25	A8329343045861272085	2022-01-27 07:08:19.249726	\N	A	A	2
521	25	A603382973655759435	2022-01-27 07:08:55.050693	\N	A	A	2
434	38	A946522437255092362	2022-01-24 14:15:03.996082	2022-01-27 14:47:19.529818	P	D	21
522	25	A2625438700738724549	2022-01-27 07:09:33.931997	\N	A	A	2
523	25	A4123061942506971898	2022-01-27 07:10:09.202972	\N	A	A	2
524	53	S967884388787912561	2022-01-26 23:12:29.820249	\N	S	A	2
525	89	U8229923846938991602	2022-01-26 23:12:36.307959	\N	U	A	2
526	25	A4511611147972473789	2022-01-27 07:24:52.966728	\N	A	A	2
527	25	A7961291270068471043	2022-01-27 07:26:09.045248	\N	A	A	2
528	53	S4139269450020297228	2022-01-26 23:30:55.720805	\N	S	A	2
529	89	U6940319061308328428	2022-01-26 23:31:08.321694	\N	U	A	2
530	25	A2491439322978326884	2022-01-27 07:32:18.115414	\N	A	A	2
531	53	S7907235997503496771	2022-01-26 23:33:25.2535	\N	S	A	2
532	89	U646892221811512319	2022-01-26 23:33:54.606245	\N	U	A	2
533	25	A5180984240719227597	2022-01-27 07:34:04.836751	\N	A	A	2
534	25	A7023223980843432526	2022-01-27 07:37:57.780171	\N	A	A	2
535	38	A67714505127405940	2022-01-27 07:42:24.746617	\N	P	A	23
536	38	A9138598697725919904	2022-01-27 07:44:51.432635	\N	P	A	1
537	38	A9189863270878023578	2022-01-27 08:02:03.054632	\N	P	A	21
538	25	A908267159713942835	2022-01-27 08:05:48.669514	\N	A	A	2
539	53	S5165782313622130976	2022-01-27 00:18:53.145406	\N	S	A	2
540	89	U4447244607581918801	2022-01-27 00:19:03.517958	\N	U	A	2
541	89	U6994986511552735142	2022-01-27 00:20:33.754235	\N	U	A	2
542	53	S7808763080545649102	2022-01-27 00:22:35.116371	\N	S	A	2
543	89	U2479963214191295781	2022-01-27 00:22:41.506549	\N	U	A	2
544	38	A7182782728874720073	2022-01-27 10:30:23.799474	\N	P	A	21
545	25	A9100242805582680639	2022-01-27 10:30:50.55763	\N	A	A	2
546	38	A2016385600975091667	2022-01-27 10:39:35.383873	\N	P	A	21
547	38	A9020655320753469316	2022-01-27 10:39:51.503443	\N	P	A	21
548	25	A4049333062831019319	2022-01-27 10:40:05.565581	\N	A	A	2
549	38	A2181528315504641046	2022-01-27 11:45:15.075951	\N	P	A	21
550	25	A2470332287578797610	2022-01-27 11:46:02.337507	\N	A	A	2
551	25	A4626986560393952364	2022-01-27 11:51:11.662517	\N	A	A	2
552	25	A907718628310228143	2022-01-27 11:52:36.003151	2022-01-27 11:52:41.928899	A	D	2
553	25	A6721591698454303406	2022-01-27 11:56:00.851346	2022-01-27 11:57:04.309279	A	D	2
554	25	A5091103759689040756	2022-01-27 11:57:19.468644	2022-01-27 11:58:29.130807	A	D	2
555	25	A3934903132782042556	2022-01-27 11:58:43.515569	2022-01-27 11:58:54.340913	A	D	2
556	25	A3183201516010672098	2022-01-27 11:59:26.614321	2022-01-27 12:03:40.996377	A	D	2
557	25	A4697501999168297005	2022-01-27 12:03:52.241322	2022-01-27 12:03:58.936924	A	D	2
558	25	A1451067832521938713	2022-01-27 12:04:12.502386	2022-01-27 12:06:20.630219	A	D	2
559	25	A595200014953141028	2022-01-27 12:09:06.8605	\N	A	A	2
560	25	A7747185276877392467	2022-01-27 13:49:11.204548	2022-01-27 13:50:09.917893	A	D	2
561	25	A3174482890848384684	2022-01-27 13:50:24.030108	2022-01-27 13:50:32.850137	A	D	2
562	25	A4995989940845638233	2022-01-27 13:51:20.083969	2022-01-27 13:51:26.716506	A	D	2
563	25	A5938124020812852241	2022-01-27 13:52:08.17553	2022-01-27 13:52:22.365313	A	D	2
564	25	A8214214433674375178	2022-01-27 13:52:52.992729	2022-01-27 13:53:02.529761	A	D	2
565	25	A5482497504642833408	2022-01-27 13:53:42.877309	2022-01-27 14:32:59.569746	A	D	2
566	38	A7573756482019298035	2022-01-27 14:33:13.498575	2022-01-27 14:33:25.211976	P	D	21
458	25	A6756938152590181965	2022-01-25 06:42:03.611912	2022-01-27 14:39:44.439639	A	D	2
568	25	A3588409720656692592	2022-01-27 14:40:14.472298	2022-01-27 14:40:21.610973	A	D	2
567	25	A8921038674620642378	2022-01-27 14:33:43.077683	2022-01-27 14:41:12.377439	A	D	2
569	25	A3518027435943854249	2022-01-27 14:42:30.693626	2022-01-27 14:42:39.001052	A	D	2
570	25	A1149593193581560360	2022-01-27 14:43:03.173701	2022-01-27 14:44:46.038064	A	D	2
571	38	A2123134908005232672	2022-01-27 14:48:25.917575	2022-01-27 14:49:17.734899	P	D	21
572	25	A8127288591480452903	2022-01-27 14:52:00.293802	2022-01-27 14:52:14.467423	A	D	2
573	38	A1149554903994195276	2022-01-27 14:53:33.207542	2022-01-27 14:54:01.329204	P	D	21
574	25	A6801576536039425989	2022-01-27 14:58:09.116702	2022-01-27 14:58:19.368576	A	D	2
575	25	A4952480493400837008	2022-01-27 15:00:25.335022	\N	A	A	2
576	25	A2768442547048709988	2022-01-27 15:08:56.079263	2022-01-27 15:09:07.492134	A	D	2
577	38	A6278270001866559105	2022-01-27 15:10:34.769954	2022-01-27 15:10:42.213542	P	D	21
578	25	A4608109541067179448	2022-01-27 15:14:44.641187	2022-01-27 15:14:52.112165	A	D	2
579	25	A4071511717734808562	2022-01-27 15:15:19.548118	2022-01-27 15:15:25.845727	A	D	2
580	25	A2261970836287129830	2022-01-27 15:15:53.181355	2022-01-27 15:17:02.868083	A	D	2
581	25	A542738754267269250	2022-01-27 15:17:10.312769	2022-01-27 15:17:20.019632	A	D	2
582	25	A763937108311664499	2022-01-27 15:21:03.954073	2022-01-27 15:21:09.944244	A	D	2
583	25	A1507979858102744422	2022-01-27 15:24:25.220689	2022-01-27 15:24:31.348588	A	D	2
584	25	A2649445508182636949	2022-01-27 15:24:47.747449	2022-01-27 15:24:55.990979	A	D	2
585	25	A7929898633556345390	2022-01-27 15:28:35.444991	2022-01-27 15:28:44.553393	A	D	2
586	25	A71649442698723878	2022-01-27 15:29:17.659442	2022-01-27 15:29:24.715361	A	D	2
587	25	A6285826765127312982	2022-01-27 17:07:36.701804	\N	A	A	2
588	38	A1311437674585162155	2022-01-28 05:23:41.642734	\N	P	A	21
\.


--
-- Data for Name: user_access_control; Type: TABLE DATA; Schema: public; Owner: postgres
--

COPY public.user_access_control (id, user_id, app_id, status) FROM stdin;
2	1	1	A
5	52	6	A
6	80	6	D
7	80	11	A
9	90	11	A
12	96	6	A
14	94	6	A
15	92	6	A
10	90	6	D
17	94	11	D
19	92	11	A
18	96	11	D
22	90	3	D
24	89	11	A
25	79	12	A
26	79	11	A
27	79	13	A
28	89	14	A
\.


--
-- Data for Name: user_groups; Type: TABLE DATA; Schema: public; Owner: postgres
--

COPY public.user_groups (id, name, domain_id, status) FROM stdin;
51	G2207b5b2-00000001	2	A
52	G2207b5b2-00000002	2	A
53	testgroup1	2	D
54	test user	2	D
55	test5	2	A
57	newgroup	27	A
58	group1	27	A
56	test8	2	D
\.


--
-- Data for Name: users; Type: TABLE DATA; Schema: public; Owner: postgres
--

COPY public.users (id, name, domain_id, password, public_key, icon, status, wg_key, virtual_ip, public_ip, local_ip) FROM stdin;
9	U44872f76-00000001	1	P44872f76-00000003	\N	\N	A		\N	\N	\N
10	U44872f76-00000003	1	P44872f76-00000005	\N	\N	A		\N	\N	\N
11	U44872f76-00000004	1	P44872f76-00000006	\N	\N	A		\N	\N	\N
12	U44872f76-00000005	1	P44872f76-00000007	\N	\N	A		\N	\N	\N
13	U44872f76-00000006	1	P44872f76-00000008	\N	\N	A		\N	\N	\N
14	U4d6d1bee-00000002	1	P4d6d1bee-00000003	\N	\N	A	WWWWWWW	250.11.11.11	100.11.11.11	200.11.11.11
15	U4d6d1bee-00000003	1	P4d6d1bee-00000005	\N	\N	A		\N	\N	\N
16	U4d6d1bee-00000004	1	P4d6d1bee-00000006	\N	\N	A		\N	\N	\N
17	U4d6d1bee-00000005	1	P4d6d1bee-00000007	\N	\N	A		\N	\N	\N
18	U4d6d1bee-00000006	1	P4d6d1bee-00000008	\N	\N	A		\N	\N	\N
19	U5946ef07-00000002	1	P5946ef07-00000003	\N	\N	D	WWWWWWW	250.11.11.11	100.11.11.11	200.11.11.11
20	U5946ef07-00000003	1	P5946ef07-00000005	\N	\N	A		\N	\N	\N
21	U5946ef07-00000004	1	P5946ef07-00000006	\N	\N	A		\N	\N	\N
22	U5946ef07-00000005	1	P5946ef07-00000007	\N	\N	A		\N	\N	\N
23	U5946ef07-00000006	1	P5946ef07-00000008	\N	\N	A		\N	\N	\N
116	FirstUser1	2	xpresstrust	\N	\N	D		\N	\N	\N
24	U0222d1c5-00000002	1	P0222d1c5-00000003	\N	\N	D	WWWWWWW	250.11.11.11	100.11.11.11	200.11.11.11
26	U0222d1c5-00000004	1	P0222d1c5-00000006	\N	\N	A		\N	\N	\N
27	U0222d1c5-00000005	1	P0222d1c5-00000007	\N	\N	A		\N	\N	\N
28	U0222d1c5-00000006	1	P0222d1c5-00000008	\N	\N	A		\N	\N	\N
29	U7e9cadce-00000002	1	P7e9cadce-00000003	\N	\N	D	WWWWWWW	250.11.11.11	100.11.11.11	200.11.11.11
30	U7e9cadce-00000003	1	P7e9cadce-00000005	\N	\N	A		\N	\N	\N
31	U7e9cadce-00000004	1	P7e9cadce-00000006	\N	\N	A		\N	\N	\N
32	U7e9cadce-00000005	1	P7e9cadce-00000007	\N	\N	A		\N	\N	\N
33	U7e9cadce-00000006	1	P7e9cadce-00000008	\N	\N	A		\N	\N	\N
34	U7ea59102-00000002	1	P7ea59102-00000003	\N	\N	D	WWWWWWW	250.11.11.11	100.11.11.11	200.11.11.11
35	U7ea59102-00000003	1	P7ea59102-00000005	\N	\N	A		\N	\N	\N
36	U7ea59102-00000004	1	P7ea59102-00000006	\N	\N	A		\N	\N	\N
37	U7ea59102-00000005	1	P7ea59102-00000007	\N	\N	A		\N	\N	\N
38	U7ea59102-00000006	1	P7ea59102-00000008	\N	\N	A		\N	\N	\N
39	U234F8-000001	1	PASSWORD	\N	\N	A		\N	\N	\N
40	U0222d1c5-00000d	1		\N	\N	A		\N	\N	\N
42	U3550ee47-00000002	1	P3550ee47-00000003	\N	\N	D	WWWWWWW	250.11.11.11	100.11.11.11	200.11.11.11
43	U3550ee47-00000003	1	P3550ee47-00000005	\N	\N	A		\N	\N	\N
44	U3550ee47-00000004	1	P3550ee47-00000006	\N	\N	A		\N	\N	\N
45	U3550ee47-00000005	1	P3550ee47-00000007	\N	\N	A		\N	\N	\N
46	U3550ee47-00000006	1	P3550ee47-00000008	\N	\N	A		\N	\N	\N
50	U3f985c91-00000002	1	P3f985c91-00000003	\N	\N	D	WWWWWWW	250.11.11.11	100.11.11.11	200.11.11.11
51	U3f985c91-00000003	1	P3f985c91-00000005	\N	\N	A		\N	\N	\N
52	U3f985c91-00000004	1	P3f985c91-00000006	\N	\N	A		\N	\N	\N
53	U3f985c91-00000005	1	P3f985c91-00000007	\N	\N	A		\N	\N	\N
54	U3f985c91-00000006	1	P3f985c91-00000008	\N	\N	A		\N	\N	\N
55	U34a3cb8f-00000002	1	P34a3cb8f-00000003	\N	\N	D	WWWWWWW	250.11.11.11	100.11.11.11	200.11.11.11
56	U34a3cb8f-00000003	1	P34a3cb8f-00000005	\N	\N	A		\N	\N	\N
57	U34a3cb8f-00000004	1	P34a3cb8f-00000006	\N	\N	A		\N	\N	\N
58	U34a3cb8f-00000005	1	P34a3cb8f-00000007	\N	\N	A		\N	\N	\N
59	U34a3cb8f-00000006	1	P34a3cb8f-00000008	\N	\N	A		\N	\N	\N
60	U5e86ddfe-00000002	1	P5e86ddfe-00000003	\N	\N	D	WWWWWWW	250.11.11.11	100.11.11.11	200.11.11.11
61	U5e86ddfe-00000003	1	P5e86ddfe-00000005	\N	\N	A		\N	\N	\N
62	U5e86ddfe-00000004	1	P5e86ddfe-00000006	\N	\N	A		\N	\N	\N
63	U5e86ddfe-00000005	1	P5e86ddfe-00000007	\N	\N	A		\N	\N	\N
64	U5e86ddfe-00000006	1	P5e86ddfe-00000008	\N	\N	A		\N	\N	\N
65	U52f47049-00000002	1	P52f47049-00000003	\N	\N	D	WWWWWWW	250.11.11.11	100.11.11.11	200.11.11.11
66	U52f47049-00000003	1	P52f47049-00000005	\N	\N	A		\N	\N	\N
67	U52f47049-00000004	1	P52f47049-00000006	\N	\N	A		\N	\N	\N
68	U52f47049-00000005	1	P52f47049-00000007	\N	\N	A		\N	\N	\N
69	U52f47049-00000006	1	P52f47049-00000008	\N	\N	A		\N	\N	\N
70	U7b8d95f2-00000002	1	P7b8d95f2-00000003	\N	\N	D	WWWWWWW	250.11.11.11	100.11.11.11	200.11.11.11
71	U7b8d95f2-00000003	1	P7b8d95f2-00000005	\N	\N	A		\N	\N	\N
72	U7b8d95f2-00000004	1	P7b8d95f2-00000006	\N	\N	A		\N	\N	\N
73	U7b8d95f2-00000005	1	P7b8d95f2-00000007	\N	\N	A		\N	\N	\N
74	U7b8d95f2-00000006	1	P7b8d95f2-00000008	\N	\N	A		\N	\N	\N
78	U2207b5b2-00000002	2	P2207b5b2-00000003	\N	\N	D	WWWWWWW	250.11.11.11	100.11.11.11	200.11.11.11
79	U2207b5b2-00000003	2	P2207b5b2-00000005	\N	\N	A		\N	\N	\N
80	U2207b5b2-00000004	2	P2207b5b2-00000006	\N	\N	A		\N	\N	\N
81	U2207b5b2-00000005	2	P2207b5b2-00000007	\N	\N	A		\N	\N	\N
82	U2207b5b2-00000006	2	P2207b5b2-00000008	\N	\N	A		\N	\N	\N
75	test user6	1	123456	\N	\N	A		\N	\N	\N
77	user4	2	password	\N	\N	D		\N	\N	\N
76	test-user123	1	123456	\N	\N	A		\N	\N	\N
49	user2	2	password	\N	\N	D		\N	\N	\N
47	test user10	1	123456	\N	\N	A		\N	\N	\N
83	user7	2	password	\N	\N	D		\N	\N	\N
48	user5	2	password	\N	\N	D	\N	\N	\N	\N
84	test user	2	123456	\N	\N	D		\N	\N	\N
87	testuser2	2	123456	\N	\N	D		\N	\N	\N
88	testuser	2	123456	\N	\N	D		\N	\N	\N
25	U0222d1c5-00000003	1	P0222d1c5-00000005	\N	\N	A		\N	\N	\N
90	user1	27	password	\N	\N	A		\N	\N	\N
92	user3	27	123456	\N	\N	A		\N	\N	\N
93	user4	27	123456	\N	\N	A		\N	\N	\N
94	user2	27	123456	\N	\N	A		\N	\N	\N
95	user5	27	12345678	\N	\N	A		\N	\N	\N
96	user20	27	password	\N	\N	A		\N	\N	\N
97	testuser5	2	123456	\N	\N	A		\N	\N	\N
98	testuser6	2	123456	\N	\N	A		\N	\N	\N
99	testuser7	2	123456	\N	\N	A		\N	\N	\N
100	testuser8	2	123456	\N	\N	A		\N	\N	\N
102	testuser9	2	123456	\N	\N	A		\N	\N	\N
104	testuser11	2	123456	\N	\N	D		\N	\N	\N
105	admin@powerdomain	21	password	\N	\N	D		\N	\N	\N
108	admin@powerdomainw	21	password	\N	\N	D		\N	\N	\N
110	admin@powerdomainwww	21	password	\N	\N	D		\N	\N	\N
115	test14	2	xpresstrust	\N	\N	A		\N	\N	\N
89	testuser4	2	123456	\N	\N	A	xx-publickey-user-xx	100.64.0.2	98.35.20.226	192.168.47.128/24
103	teuser10	2	password	\N	\N	D		\N	\N	\N
111	testuser10	2	123456	\N	\N	D		\N	\N	\N
113	test10	2	123456	\N	\N	A		\N	\N	\N
\.


--
-- Name: access_control_session_id_seq; Type: SEQUENCE SET; Schema: public; Owner: postgres
--

SELECT pg_catalog.setval('public.access_control_session_id_seq', 1, false);


--
-- Name: admin_id_seq; Type: SEQUENCE SET; Schema: public; Owner: postgres
--

SELECT pg_catalog.setval('public.admin_id_seq', 41, true);


--
-- Name: admin_session_id_seq; Type: SEQUENCE SET; Schema: public; Owner: postgres
--

SELECT pg_catalog.setval('public.admin_session_id_seq', 1, false);


--
-- Name: allowed_ips_id_seq; Type: SEQUENCE SET; Schema: public; Owner: postgres
--

SELECT pg_catalog.setval('public.allowed_ips_id_seq', 14, true);


--
-- Name: domain_id_seq; Type: SEQUENCE SET; Schema: public; Owner: postgres
--

SELECT pg_catalog.setval('public.domain_id_seq', 38, true);


--
-- Name: group_access_control_id_seq; Type: SEQUENCE SET; Schema: public; Owner: postgres
--

SELECT pg_catalog.setval('public.group_access_control_id_seq', 13, true);


--
-- Name: group_members_id_seq; Type: SEQUENCE SET; Schema: public; Owner: postgres
--

SELECT pg_catalog.setval('public.group_members_id_seq', 116, true);


--
-- Name: service_session_id_seq; Type: SEQUENCE SET; Schema: public; Owner: postgres
--

SELECT pg_catalog.setval('public.service_session_id_seq', 1, false);


--
-- Name: services_id_seq; Type: SEQUENCE SET; Schema: public; Owner: postgres
--

SELECT pg_catalog.setval('public.services_id_seq', 62, true);


--
-- Name: sessions_id_seq; Type: SEQUENCE SET; Schema: public; Owner: postgres
--

SELECT pg_catalog.setval('public.sessions_id_seq', 588, true);


--
-- Name: user_access_control_id_seq; Type: SEQUENCE SET; Schema: public; Owner: postgres
--

SELECT pg_catalog.setval('public.user_access_control_id_seq', 28, true);


--
-- Name: user_groups_id_seq; Type: SEQUENCE SET; Schema: public; Owner: postgres
--

SELECT pg_catalog.setval('public.user_groups_id_seq', 58, true);


--
-- Name: user_session_id_seq; Type: SEQUENCE SET; Schema: public; Owner: postgres
--

SELECT pg_catalog.setval('public.user_session_id_seq', 1, false);


--
-- Name: users_id_seq; Type: SEQUENCE SET; Schema: public; Owner: postgres
--

SELECT pg_catalog.setval('public.users_id_seq', 116, true);


--
-- Name: app_sessions access_control_session_pkey; Type: CONSTRAINT; Schema: public; Owner: postgres
--

ALTER TABLE ONLY public.app_sessions
    ADD CONSTRAINT access_control_session_pkey PRIMARY KEY (id);


--
-- Name: admins admins_id_unique; Type: CONSTRAINT; Schema: public; Owner: postgres
--

ALTER TABLE ONLY public.admins
    ADD CONSTRAINT admins_id_unique UNIQUE (id);


--
-- Name: admins admins_pkey; Type: CONSTRAINT; Schema: public; Owner: postgres
--

ALTER TABLE ONLY public.admins
    ADD CONSTRAINT admins_pkey PRIMARY KEY (name, domain_id);


--
-- Name: apps apps_id_unique; Type: CONSTRAINT; Schema: public; Owner: postgres
--

ALTER TABLE ONLY public.apps
    ADD CONSTRAINT apps_id_unique UNIQUE (id);


--
-- Name: apps apps_pkey; Type: CONSTRAINT; Schema: public; Owner: postgres
--

ALTER TABLE ONLY public.apps
    ADD CONSTRAINT apps_pkey PRIMARY KEY (name);


--
-- Name: domains domain_name_key; Type: CONSTRAINT; Schema: public; Owner: postgres
--

ALTER TABLE ONLY public.domains
    ADD CONSTRAINT domain_name_key UNIQUE (name);


--
-- Name: domains domain_pkey; Type: CONSTRAINT; Schema: public; Owner: postgres
--

ALTER TABLE ONLY public.domains
    ADD CONSTRAINT domain_pkey PRIMARY KEY (id);


--
-- Name: group_access_control gacs_pkey; Type: CONSTRAINT; Schema: public; Owner: postgres
--

ALTER TABLE ONLY public.group_access_control
    ADD CONSTRAINT gacs_pkey PRIMARY KEY (group_id, app_id);


--
-- Name: group_members group_members_pkey; Type: CONSTRAINT; Schema: public; Owner: postgres
--

ALTER TABLE ONLY public.group_members
    ADD CONSTRAINT group_members_pkey PRIMARY KEY (id);


--
-- Name: user_groups groups_id_unique; Type: CONSTRAINT; Schema: public; Owner: postgres
--

ALTER TABLE ONLY public.user_groups
    ADD CONSTRAINT groups_id_unique UNIQUE (id);


--
-- Name: user_groups groups_pkey; Type: CONSTRAINT; Schema: public; Owner: postgres
--

ALTER TABLE ONLY public.user_groups
    ADD CONSTRAINT groups_pkey PRIMARY KEY (name, domain_id);


--
-- Name: services services_id_unique; Type: CONSTRAINT; Schema: public; Owner: postgres
--

ALTER TABLE ONLY public.services
    ADD CONSTRAINT services_id_unique UNIQUE (id);


--
-- Name: services services_pkey; Type: CONSTRAINT; Schema: public; Owner: postgres
--

ALTER TABLE ONLY public.services
    ADD CONSTRAINT services_pkey PRIMARY KEY (name, domain_id);


--
-- Name: user_access_control uacs_pub_key; Type: CONSTRAINT; Schema: public; Owner: postgres
--

ALTER TABLE ONLY public.user_access_control
    ADD CONSTRAINT uacs_pub_key PRIMARY KEY (user_id, app_id);


--
-- Name: users users_id_unique; Type: CONSTRAINT; Schema: public; Owner: postgres
--

ALTER TABLE ONLY public.users
    ADD CONSTRAINT users_id_unique UNIQUE (id);


--
-- Name: users users_pkey; Type: CONSTRAINT; Schema: public; Owner: postgres
--

ALTER TABLE ONLY public.users
    ADD CONSTRAINT users_pkey PRIMARY KEY (name, domain_id);


--
-- Name: allowed_name_key; Type: INDEX; Schema: public; Owner: postgres
--

CREATE UNIQUE INDEX allowed_name_key ON public.apps USING btree (name);


--
-- Name: fki_admin_domain_fk; Type: INDEX; Schema: public; Owner: postgres
--

CREATE INDEX fki_admin_domain_fk ON public.admins USING btree (domain_id);


--
-- Name: fki_fk_acs_allowip_id; Type: INDEX; Schema: public; Owner: postgres
--

CREATE INDEX fki_fk_acs_allowip_id ON public.app_sessions USING btree (app_id);


--
-- Name: fki_groups_domain_fk; Type: INDEX; Schema: public; Owner: postgres
--

CREATE INDEX fki_groups_domain_fk ON public.user_groups USING btree (domain_id);


--
-- Name: fki_service_domain_fk; Type: INDEX; Schema: public; Owner: postgres
--

CREATE INDEX fki_service_domain_fk ON public.services USING btree (domain_id);


--
-- Name: fki_services_fkey; Type: INDEX; Schema: public; Owner: postgres
--

CREATE INDEX fki_services_fkey ON public.apps USING btree (service_id);


--
-- Name: fki_user_domain_fk; Type: INDEX; Schema: public; Owner: postgres
--

CREATE INDEX fki_user_domain_fk ON public.users USING btree (domain_id);


--
-- Name: gm_unique; Type: INDEX; Schema: public; Owner: postgres
--

CREATE UNIQUE INDEX gm_unique ON public.group_members USING btree (group_id, user_id);


--
-- Name: service_name_key; Type: INDEX; Schema: public; Owner: postgres
--

CREATE UNIQUE INDEX service_name_key ON public.services USING btree (name);


--
-- Name: admins admin_domain_fk; Type: FK CONSTRAINT; Schema: public; Owner: postgres
--

ALTER TABLE ONLY public.admins
    ADD CONSTRAINT admin_domain_fk FOREIGN KEY (domain_id) REFERENCES public.domains(id);


--
-- Name: app_sessions fk_acs_allowip_id; Type: FK CONSTRAINT; Schema: public; Owner: postgres
--

ALTER TABLE ONLY public.app_sessions
    ADD CONSTRAINT fk_acs_allowip_id FOREIGN KEY (app_id) REFERENCES public.apps(id);


--
-- Name: user_groups groups_domain_fk; Type: FK CONSTRAINT; Schema: public; Owner: postgres
--

ALTER TABLE ONLY public.user_groups
    ADD CONSTRAINT groups_domain_fk FOREIGN KEY (domain_id) REFERENCES public.domains(id);


--
-- Name: services service_domain_fk; Type: FK CONSTRAINT; Schema: public; Owner: postgres
--

ALTER TABLE ONLY public.services
    ADD CONSTRAINT service_domain_fk FOREIGN KEY (domain_id) REFERENCES public.domains(id);


--
-- Name: apps services_fkey; Type: FK CONSTRAINT; Schema: public; Owner: postgres
--

ALTER TABLE ONLY public.apps
    ADD CONSTRAINT services_fkey FOREIGN KEY (service_id) REFERENCES public.services(id);


--
-- Name: users user_domain_fk; Type: FK CONSTRAINT; Schema: public; Owner: postgres
--

ALTER TABLE ONLY public.users
    ADD CONSTRAINT user_domain_fk FOREIGN KEY (domain_id) REFERENCES public.domains(id);


--
-- PostgreSQL database dump complete
--

